sampling_ID	SNPsaurus_sequencing_run	sequencing_ID	site_ID	site_latitude	site_longitude
V100_11	2458	2458_CAGAGAGG-AGAGTAGA_S45_L002_R1_001.fastq.gz	100	29.36467 	-114.364120 
V100_09	2458	2458_CTCTCTAC-TATCCTCT_S32_L002_R1_001.fastq.gz	100	29.36467 	-114.364120 
V100_08	2458	2458_TCCTGAGC-CTCTCTAT_S17_L002_R1_001.fastq.gz	100	29.36467 	-114.364120 
V16_09	1295	1295_TCCTGAGC-AAGGAGTA_S585_L008_R1_001.fastq.gz	16	29.25203 	-114.168222 
V16_03	1295	1295_TCCTGAGC-AGAGTAGA_S549_L008_R1_001.fastq.gz	16	29.25203 	-114.168222 
V16_10	1295	1295_TCCTGAGC-CTAAGCCT_S597_L008_R1_001.fastq.gz	16	29.25203 	-114.168222 
V16_05	1295	1295_TCCTGAGC-GTAAGGAG_S561_L008_R1_001.fastq.gz	16	29.25203 	-114.168222 
V16_02	1295	1295_TCCTGAGC-TATCCTCT_S537_L008_R1_001.fastq.gz	16	29.25203 	-114.168222 
V16_01	2458	2458_GTAGAGGA-AAGGAGTA_S85_L002_R1_001.fastq.gz	16	29.25203 	-114.168222 
V15_03	1295	1295_AGGCAGAA-AAGGAGTA_S584_L008_R1_001.fastq.gz	15	29.11758 	-114.149694 
V15_01	1295	1295_AGGCAGAA-ACTGCATA_S572_L008_R1_001.fastq.gz	15	29.11758 	-114.149694 
V15_07	1295	1295_AGGCAGAA-CTAAGCCT_S596_L008_R1_001.fastq.gz	15	29.11758 	-114.149694 
V15_02	1295	1295_TCCTGAGC-ACTGCATA_S573_L008_R1_001.fastq.gz	15	29.11758 	-114.149694 
V15_10	1295	1295_TCCTGAGC-CTCTCTAT_S525_L008_R1_001.fastq.gz	15	29.11758 	-114.149694 
V15_08	1295	1295_TCCTGAGC-TAGATCGC_S513_L008_R1_001.fastq.gz	15	29.11758 	-114.149694 
V26_05	2458	2458_CGAGGCTG-AGAGTAGA_S47_L002_R1_001.fastq.gz	26	29.05869 	-114.008528 
V26_01	2458	2458_TAGGCATG-CTAAGCCT_S91_L002_R1_001.fastq.gz	26	29.05869 	-114.008528 
V26_03	2458	2458_CAGAGAGG-ACTGCATA_S69_L002_R1_001.fastq.gz	26	29.05869 	-114.008528 
V26_04	2458	2458_CAGAGAGG-CTCTCTAT_S21_L002_R1_001.fastq.gz	26	29.05869 	-114.008528 
V26_02	2458	2458_CCATATGT-ACTGCATA_S102_L002_R1_001.fastq.gz	26	29.05869 	-114.008528 
V105_01	2458	2458_AAGAGGCA-AAGGAGTA_S84_L002_R1_001.fastq.gz	105	28.83702 	-114.125240 
V105_02	2458	2458_AAGAGGCA-AGAGTAGA_S48_L002_R1_001.fastq.gz	105	28.83702 	-114.125240 
V105_05	2458	2458_AGGCAGAA-AGAGTAGA_S40_L002_R1_001.fastq.gz	105	28.83702 	-114.125240 
V105_10	2458	2458_CAGAGAGG-CTAAGCCT_S93_L002_R1_001.fastq.gz	105	28.83702 	-114.125240 
V105_12	2458	2458_CAGAGAGG-GTAAGGAG_S57_L002_R1_001.fastq.gz	105	28.83702 	-114.125240 
V105_06	2458	2458_CCATATGT-CTCTCTAT_S98_L002_R1_001.fastq.gz	105	28.83702 	-114.125240 
V105_04	2458	2458_CTCTCTAC-CTCTCTAT_S20_L002_R1_001.fastq.gz	105	28.83702 	-114.125240 
V105_11	2458	2458_CTCTCTAC-TAGATCGC_S8_L002_R1_001.fastq.gz	105	28.83702 	-114.125240 
V105_03	2458	2458_GCTACGCT-CTAAGCCT_S94_L002_R1_001.fastq.gz	105	28.83702 	-114.125240 
V105_13	2458	2458_GTAGAGGA-TATCCTCT_S37_L002_R1_001.fastq.gz	105	28.83702 	-114.125240 
V104_12	2458	2458_CAGAGAGG-AAGGAGTA_S81_L002_R1_001.fastq.gz	104	28.65867 	-114.031670 
V104_05	2458	2458_CTCTCTAC-CTAAGCCT_S92_L002_R1_001.fastq.gz	104	28.65867 	-114.031670 
V104_04	2458	2458_TCCTGAGC-AGAGTAGA_S41_L002_R1_001.fastq.gz	104	28.65867 	-114.031670 
V104_02	2458	2458_TCCTGAGC-TAGATCGC_S5_L002_R1_001.fastq.gz	104	28.65867 	-114.031670 
V103_01	2458	2458_TAAGGCGA-CTAAGCCT_S86_L002_R1_001.fastq.gz	103	28.40771 	-113.990030 
V103_13	2458	2458_GCTACGCT-AAGGAGTA_S82_L002_R1_001.fastq.gz	103	28.40771 	-113.990030 
V103_15	2458	2458_AGGCAGAA-ACTGCATA_S64_L002_R1_001.fastq.gz	103	28.40771 	-113.990030 
V103_12	2458	2458_CGAGGCTG-ACTGCATA_S71_L002_R1_001.fastq.gz	103	28.40771 	-113.990030 
V103_03	2458	2458_CGTACTAG-CTCTCTAT_S15_L002_R1_001.fastq.gz	103	28.40771 	-113.990030 
V103_04	2458	2458_TAAGGCGA-CTCTCTAT_S14_L002_R1_001.fastq.gz	103	28.40771 	-113.990030 
V103_07	2458	2458_TAGGCATG-TATCCTCT_S31_L002_R1_001.fastq.gz	103	28.40771 	-113.990030 
V103_11	2458	2458_TCCTGAGC-ACTGCATA_S65_L002_R1_001.fastq.gz	103	28.40771 	-113.990030 
V103_10	2458	2458_TCCTGAGC-CTAAGCCT_S89_L002_R1_001.fastq.gz	103	28.40771 	-113.990030 
V103_09	2458	2458_TCCTGAGC-GTAAGGAG_S53_L002_R1_001.fastq.gz	103	28.40771 	-113.990030 
V14_03	2458	2458_CAGAGAGG-TAGATCGC_S9_L002_R1_001.fastq.gz	14	28.20819 	-114.000667 
V14_12	2458	2458_TAGGCATG-TAGATCGC_S7_L002_R1_001.fastq.gz	14	28.20819 	-114.000667 
V14_10	2458	2458_CGTACTAG-TATCCTCT_S27_L002_R1_001.fastq.gz	14	28.20819 	-114.000667 
V14_07	2458	2458_CTCTCTAC-AGAGTAGA_S44_L002_R1_001.fastq.gz	14	28.20819 	-114.000667 
V14_04	2458	2458_GCTACGCT-GTAAGGAG_S58_L002_R1_001.fastq.gz	14	28.20819 	-114.000667 
V14_14	2458	2458_GGACTCCT-ACTGCATA_S66_L002_R1_001.fastq.gz	14	28.20819 	-114.000667 
V14_01	2458	2458_GGACTCCT-CTCTCTAT_S18_L002_R1_001.fastq.gz	14	28.20819 	-114.000667 
V14_15	2458	2458_GGACTCCT-GTAAGGAG_S54_L002_R1_001.fastq.gz	14	28.20819 	-114.000667 
V14_02	2458	2458_GTAGAGGA-AGAGTAGA_S49_L002_R1_001.fastq.gz	14	28.20819 	-114.000667 
V14_08	2458	2458_TAAGGCGA-GTAAGGAG_S50_L002_R1_001.fastq.gz	14	28.20819 	-114.000667 
V14_06	2458	2458_TAAGGCGA-TAGATCGC_S2_L002_R1_001.fastq.gz	14	28.20819 	-114.000667 
V14_09	2458	2458_TAAGGCGA-TATCCTCT_S26_L002_R1_001.fastq.gz	14	28.20819 	-114.000667 
V1_06	2458	2458_ATGCCGCT-ACTGCATA_S110_L002_R1_001.fastq.gz	1	27.73669 	-113.387083 
V1_03	2458	2458_GCTACGCT-TAGATCGC_S10_L002_R1_001.fastq.gz	1	27.73669 	-113.387083 
V1_02_r	1295	1295_GTAGAGGA-CTAAGCCT_S605_L008_R1_001.fastq.gz	1	27.73669 	-113.387083 
V1_07	1295	1295_TAAGGCGA-ACTGCATA_S570_L008_R1_001.fastq.gz	1	27.73669 	-113.387083 
V1_08	1295	1295_TAAGGCGA-AGAGTAGA_S546_L008_R1_001.fastq.gz	1	27.73669 	-113.387083 
V1_02	1295	1295_TAAGGCGA-CTCTCTAT_S522_L008_R1_001.fastq.gz	1	27.73669 	-113.387083 
V1_10	1295	1295_TAAGGCGA-GTAAGGAG_S558_L008_R1_001.fastq.gz	1	27.73669 	-113.387083 
V1_01	1295	1295_TAAGGCGA-TAGATCGC_S510_L008_R1_001.fastq.gz	1	27.73669 	-113.387083 
V1_05	1295	1295_TAAGGCGA-TATCCTCT_S534_L008_R1_001.fastq.gz	1	27.73669 	-113.387083 
V1_04	2458	2458_AGGCAGAA-TAGATCGC_S4_L002_R1_001.fastq.gz	1	27.73669 	-113.387083 
V1_14	2458	2458_CCATATGT-CTAAGCCT_S104_L002_R1_001.fastq.gz	1	27.73669 	-113.387083 
V1_11	2458	2458_CGTACTAG-AAGGAGTA_S75_L002_R1_001.fastq.gz	1	27.73669 	-113.387083 
V1_15	2458	2458_CTCTCTAC-GTAAGGAG_S56_L002_R1_001.fastq.gz	1	27.73669 	-113.387083 
V13_01	2458	2458_CTAGTACG-AGAGTAGA_S116_L002_R1_001.fastq.gz	13	27.31694 	-112.799944 
V13_13	2458	2458_CTAGTACG-TATCCTCT_S115_L002_R1_001.fastq.gz	13	27.31694 	-112.799944 
V13_09	2458	2458_ATGCCGCT-CTAAGCCT_S112_L002_R1_001.fastq.gz	13	27.31694 	-112.799944 
V13_10	2458	2458_ATGCCGCT-GTAAGGAG_S109_L002_R1_001.fastq.gz	13	27.31694 	-112.799944 
V13_14	2458	2458_CGAGGCTG-AAGGAGTA_S83_L002_R1_001.fastq.gz	13	27.31694 	-112.799944 
V13_04	2458	2458_CTAGTACG-ACTGCATA_S118_L002_R1_001.fastq.gz	13	27.31694 	-112.799944 
V13_08	2458	2458_TAGGCATG-ACTGCATA_S67_L002_R1_001.fastq.gz	13	27.31694 	-112.799944 
V7_02	2458	2458_ATGCCGCT-AGAGTAGA_S108_L002_R1_001.fastq.gz	7	27.31364 	-113.129361 
V7_04	2458	2458_CTAGTACG-CTCTCTAT_S114_L002_R1_001.fastq.gz	7	27.31364 	-113.129361 
V7_06	2458	2458_AAGAGGCA-ACTGCATA_S72_L002_R1_001.fastq.gz	7	27.31364 	-113.129361 
V7_08	2458	2458_AAGAGGCA-CTAAGCCT_S96_L002_R1_001.fastq.gz	7	27.31364 	-113.129361 
V7_01	2458	2458_CCATATGT-AGAGTAGA_S100_L002_R1_001.fastq.gz	7	27.31364 	-113.129361 
V7_10	2458	2458_CGAGGCTG-CTCTCTAT_S23_L002_R1_001.fastq.gz	7	27.31364 	-113.129361 
V7_05	2458	2458_GTAGAGGA-ACTGCATA_S73_L002_R1_001.fastq.gz	7	27.31364 	-113.129361 
V7_07	2458	2458_GTAGAGGA-TAGATCGC_S13_L002_R1_001.fastq.gz	7	27.31364 	-113.129361 
V7_03	2458	2458_TAGGCATG-GTAAGGAG_S55_L002_R1_001.fastq.gz	7	27.31364 	-113.129361 
V8_08	2458	2458_CTAGTACG-AAGGAGTA_S119_L002_R1_001.fastq.gz	8	27.30481 	-113.074139 
V8_04	2458	2458_ATGCCGCT-TATCCTCT_S107_L002_R1_001.fastq.gz	8	27.30481 	-113.074139 
V8_07	2458	2458_CTAGTACG-TAGATCGC_S113_L002_R1_001.fastq.gz	8	27.30481 	-113.074139 
V8_06	2458	2458_CTCTCTAC-ACTGCATA_S68_L002_R1_001.fastq.gz	8	27.30481 	-113.074139 
V8_09	2458	2458_GCTACGCT-ACTGCATA_S70_L002_R1_001.fastq.gz	8	27.30481 	-113.074139 
V8_01	2458	2458_GCTACGCT-CTCTCTAT_S22_L002_R1_001.fastq.gz	8	27.30481 	-113.074139 
V8_02	2458	2458_GGACTCCT-AAGGAGTA_S78_L002_R1_001.fastq.gz	8	27.30481 	-113.074139 
V9_11	1295	1295_CGTACTAG-AAGGAGTA_S583_L008_R1_001.fastq.gz	9	27.29250 	-112.981472 
V9_10	1295	1295_CGTACTAG-ACTGCATA_S571_L008_R1_001.fastq.gz	9	27.29250 	-112.981472 
V9_12	1295	1295_CGTACTAG-CTAAGCCT_S595_L008_R1_001.fastq.gz	9	27.29250 	-112.981472 
V9_03	1295	1295_CGTACTAG-GTAAGGAG_S559_L008_R1_001.fastq.gz	9	27.29250 	-112.981472 
V9_07	2458	2458_ATTCGTTG-TATCCTCT_S122_L002_R1_001.fastq.gz	9	27.29250 	-112.981472 
V4_10	2458	2458_TAGGCATG-AGAGTAGA_S43_L002_R1_001.fastq.gz	4	27.29053 	-113.157167 
V4_08	1295	1295_GTTGTGGC-CTAAGCCT_S628_L008_R1_001.fastq.gz	4	27.29053 	-113.157167 
V4_13	1295	1295_AGGCAGAA-CTCTCTAT_S524_L008_R1_001.fastq.gz	4	27.29053 	-113.157167 
V4_15	1295	1295_CGTACTAG-AGAGTAGA_S547_L008_R1_001.fastq.gz	4	27.29053 	-113.157167 
V4_12	1295	1295_CGTACTAG-CTCTCTAT_S523_L008_R1_001.fastq.gz	4	27.29053 	-113.157167 
V4_09	1295	1295_CGTACTAG-TAGATCGC_S511_L008_R1_001.fastq.gz	4	27.29053 	-113.157167 
V4_14	1295	1295_CGTACTAG-TATCCTCT_S535_L008_R1_001.fastq.gz	4	27.29053 	-113.157167 
V4_04	1295	1295_TAAGGCGA-AAGGAGTA_S582_L008_R1_001.fastq.gz	4	27.29053 	-113.157167 
V4_06	1295	1295_TAAGGCGA-CTAAGCCT_S594_L008_R1_001.fastq.gz	4	27.29053 	-113.157167 
V4_02	2458	2458_CGTACTAG-TAGATCGC_S3_L002_R1_001.fastq.gz	4	27.29053 	-113.157167 
V4_01	2458	2458_TAAGGCGA-AAGGAGTA_S74_L002_R1_001.fastq.gz	4	27.29053 	-113.157167 
V4_05	2458	2458_TAGGCATG-AAGGAGTA_S79_L002_R1_001.fastq.gz	4	27.29053 	-113.157167 
V6_10	2458	2458_CGAGGCTG-CTAAGCCT_S95_L002_R1_001.fastq.gz	6	27.24592 	-113.210361 
V6_01	2458	2458_AGGCAGAA-CTAAGCCT_S88_L002_R1_001.fastq.gz	6	27.24592 	-113.210361 
V6_08	2458	2458_ATGCCGCT-TAGATCGC_S105_L002_R1_001.fastq.gz	6	27.24592 	-113.210361 
V06_03_r	2458	2458_ATTCGTTG-CTCTCTAT_S121_L002_R1_001.fastq.gz	6	27.24592 	-113.210361 
V6_03	2458	2458_ATTCGTTG-TAGATCGC_S120_L002_R1_001.fastq.gz	6	27.24592 	-113.210361 
V6_09	2458	2458_CAGAGAGG-TATCCTCT_S33_L002_R1_001.fastq.gz	6	27.24592 	-113.210361 
V6_07	2458	2458_CCATATGT-GTAAGGAG_S101_L002_R1_001.fastq.gz	6	27.24592 	-113.210361 
V6_04	2458	2458_CGTACTAG-GTAAGGAG_S51_L002_R1_001.fastq.gz	6	27.24592 	-113.210361 
V6_05	2458	2458_TAAGGCGA-AGAGTAGA_S38_L002_R1_001.fastq.gz	6	27.24592 	-113.210361 
V10_02	1295	1295_AGGCAGAA-TAGATCGC_S512_L008_R1_001.fastq.gz	10	27.23781 	-112.867417 
V10_12	1295	1295_AGGCAGAA-TATCCTCT_S536_L008_R1_001.fastq.gz	10	27.23781 	-112.867417 
V102_15	2458	2458_CTAGTACG-GTAAGGAG_S117_L002_R1_001.fastq.gz	102	27.15399 	-112.882220 
V102_05	2458	2458_GTAGAGGA-GTAAGGAG_S61_L002_R1_001.fastq.gz	102	27.15399 	-112.882220 
V102_14	2458	2458_AAGAGGCA-CTCTCTAT_S24_L002_R1_001.fastq.gz	102	27.15399 	-112.882220 
V102_02	2458	2458_ATGCCGCT-CTCTCTAT_S106_L002_R1_001.fastq.gz	102	27.15399 	-112.882220 
V102_10	2458	2458_CGAGGCTG-TAGATCGC_S11_L002_R1_001.fastq.gz	102	27.15399 	-112.882220 
V102_04	2458	2458_CGTACTAG-AGAGTAGA_S39_L002_R1_001.fastq.gz	102	27.15399 	-112.882220 
V102_12	2458	2458_GGACTCCT-CTAAGCCT_S90_L002_R1_001.fastq.gz	102	27.15399 	-112.882220 
V102_13	2458	2458_GTAGAGGA-CTCTCTAT_S25_L002_R1_001.fastq.gz	102	27.15399 	-112.882220 
V101_02	2458	2458_AAGAGGCA-GTAAGGAG_S60_L002_R1_001.fastq.gz	101	27.06119 	-112.960240 
V101_04	2458	2458_AAGAGGCA-TAGATCGC_S12_L002_R1_001.fastq.gz	101	27.06119 	-112.960240 
V101_06	2458	2458_AAGAGGCA-TATCCTCT_S36_L002_R1_001.fastq.gz	101	27.06119 	-112.960240 
V101_14	2458	2458_AGGCAGAA-AAGGAGTA_S76_L002_R1_001.fastq.gz	101	27.06119 	-112.960240 
V101_09	2458	2458_ATGCCGCT-AAGGAGTA_S111_L002_R1_001.fastq.gz	101	27.06119 	-112.960240 
V101_11	2458	2458_CCATATGT-TAGATCGC_S97_L002_R1_001.fastq.gz	101	27.06119 	-112.960240 
V101_08	2458	2458_CCATATGT-TATCCTCT_S99_L002_R1_001.fastq.gz	101	27.06119 	-112.960240 
V101_01	2458	2458_CGAGGCTG-GTAAGGAG_S59_L002_R1_001.fastq.gz	101	27.06119 	-112.960240 
V101_13	2458	2458_CGAGGCTG-TATCCTCT_S35_L002_R1_001.fastq.gz	101	27.06119 	-112.960240 
V101_15	2458	2458_GCTACGCT-AGAGTAGA_S46_L002_R1_001.fastq.gz	101	27.06119 	-112.960240 
V101_12	2458	2458_GGACTCCT-AGAGTAGA_S42_L002_R1_001.fastq.gz	101	27.06119 	-112.960240 
V101_10	2458	2458_GGACTCCT-TAGATCGC_S6_L002_R1_001.fastq.gz	101	27.06119 	-112.960240 
V90_03	1295	1295_GTTGTGGC-AAGGAGTA_S625_L008_R1_001.fastq.gz	90	26.00037 	-112.179684 
V90_10	1295	1295_GTGCACAA-TAGATCGC_S607_L008_R1_001.fastq.gz	90	26.00037 	-112.179684 
V90_02	1295	1295_GTTGTGGC-ACTGCATA_S622_L008_R1_001.fastq.gz	90	26.00037 	-112.179684 
V90_01	1295	1295_GTTGTGGC-GTAAGGAG_S619_L008_R1_001.fastq.gz	90	26.00037 	-112.179684 
V90_07	2458	2458_CCATATGT-AAGGAGTA_S103_L002_R1_001.fastq.gz	90	26.00037 	-112.179684 
V90_05	2458	2458_CGTACTAG-CTAAGCCT_S87_L002_R1_001.fastq.gz	90	26.00037 	-112.179684 
V90_09	2458	2458_TAAGGCGA-ACTGCATA_S62_L002_R1_001.fastq.gz	90	26.00037 	-112.179684 
V91_13	2458	2458_TAGGCATG-CTCTCTAT_S19_L002_R1_001.fastq.gz	91	25.93644 	-112.090229 
V91_15	1295	1295_GTGCACAA-ACTGCATA_S623_L008_R1_001.fastq.gz	91	25.93644 	-112.090229 
V91_07	1295	1295_GTGCACAA-AGAGTAGA_S617_L008_R1_001.fastq.gz	91	25.93644 	-112.090229 
V91_04	1295	1295_GTGCACAA-CTCTCTAT_S611_L008_R1_001.fastq.gz	91	25.93644 	-112.090229 
V91_11	1295	1295_GTGCACAA-GTAAGGAG_S620_L008_R1_001.fastq.gz	91	25.93644 	-112.090229 
V91_05	1295	1295_GTGCACAA-TATCCTCT_S614_L008_R1_001.fastq.gz	91	25.93644 	-112.090229 
V91_08	2458	2458_AGGCAGAA-CTCTCTAT_S16_L002_R1_001.fastq.gz	91	25.93644 	-112.090229 
V91_03	2458	2458_AGGCAGAA-GTAAGGAG_S52_L002_R1_001.fastq.gz	91	25.93644 	-112.090229 
V91_14	2458	2458_AGGCAGAA-TATCCTCT_S28_L002_R1_001.fastq.gz	91	25.93644 	-112.090229 
V91_06	2458	2458_CGTACTAG-ACTGCATA_S63_L002_R1_001.fastq.gz	91	25.93644 	-112.090229 
V91_10	2458	2458_CTCTCTAC-AAGGAGTA_S80_L002_R1_001.fastq.gz	91	25.93644 	-112.090229 
V91_12	2458	2458_GCTACGCT-TATCCTCT_S34_L002_R1_001.fastq.gz	91	25.93644 	-112.090229 
V91_01	2458	2458_GGACTCCT-TATCCTCT_S30_L002_R1_001.fastq.gz	91	25.93644 	-112.090229 
V91_02	2458	2458_TCCTGAGC-AAGGAGTA_S77_L002_R1_001.fastq.gz	91	25.93644 	-112.090229 
V91_09	2458	2458_TCCTGAGC-TATCCTCT_S29_L002_R1_001.fastq.gz	91	25.93644 	-112.090229 
